{"cameraMode":{"drawMode":0,"name":"Shaded","section":"Shading Mode"},"sceneLighting":true,"audioPlay":false,"sceneViewState":{"showFog":true,"showMaterialUpdate":false,"showSkybox":true,"showFlares":true,"showImageEffects":true,"showParticleSystems":true},"in2DMode":false,"pivot":{"x":-87.74639129638672,"y":-13.389318466186524,"z":-89.30123138427735},"rotation":{"x":0.03941940516233444,"y":-0.8957483768463135,"z":0.08111879229545593,"w":0.43536850810050967},"size":122.42233276367188,"orthographic":false}