{"cameraMode":{"drawMode":0,"name":"Shaded","section":"Shading Mode"},"sceneLighting":true,"audioPlay":false,"sceneViewState":{"showFog":true,"showMaterialUpdate":false,"showSkybox":true,"showFlares":true,"showImageEffects":true,"showParticleSystems":true},"in2DMode":false,"pivot":{"x":-2.067762851715088,"y":-5.002556800842285,"z":7.454715728759766},"rotation":{"x":0.31927570700645449,"y":0.06732577085494995,"z":-0.02273104153573513,"w":0.9450187087059021},"size":79.20577239990235,"orthographic":false}