{"cameraMode":{"drawMode":0,"name":"Shaded","section":"Shading Mode"},"sceneLighting":true,"audioPlay":false,"sceneViewState":{"showFog":true,"showMaterialUpdate":false,"showSkybox":true,"showFlares":true,"showImageEffects":true,"showParticleSystems":true},"in2DMode":false,"pivot":{"x":-0.9655275344848633,"y":3.4116768836975099,"z":-0.41702747344970705},"rotation":{"x":-0.02054690569639206,"y":0.9150362610816956,"z":-0.04699143022298813,"w":-0.40009787678718569},"size":10.0,"orthographic":false}