{"cameraMode":{"drawMode":0,"name":"Shaded","section":"Shading Mode"},"sceneLighting":false,"audioPlay":false,"sceneViewState":{"showFog":true,"showMaterialUpdate":false,"showSkybox":true,"showFlares":true,"showImageEffects":true,"showParticleSystems":true},"in2DMode":false,"pivot":{"x":-22.69034767150879,"y":2.0783982276916506,"z":-0.8293287754058838},"rotation":{"x":-0.07694724202156067,"y":0.6981747150421143,"z":-0.07593218982219696,"w":-0.7077881693840027},"size":22.0,"orthographic":false}