{"cameraMode":{"drawMode":0,"name":"Shaded","section":"Shading Mode"},"sceneLighting":false,"audioPlay":false,"sceneViewState":{"showFog":true,"showMaterialUpdate":false,"showSkybox":true,"showFlares":true,"showImageEffects":true,"showParticleSystems":true},"in2DMode":false,"pivot":{"x":-4.456271648406982,"y":7.285922050476074,"z":0.46511322259902956},"rotation":{"x":-0.31368711590766909,"y":0.5409567952156067,"z":-0.2273646891117096,"w":-0.7465724945068359},"size":6.921999454498291,"orthographic":false}