{"cameraMode":{"drawMode":0,"name":"Shaded","section":"Shading Mode"},"sceneLighting":false,"audioPlay":false,"sceneViewState":{"showFog":true,"showMaterialUpdate":false,"showSkybox":true,"showFlares":true,"showImageEffects":true,"showParticleSystems":true},"in2DMode":false,"pivot":{"x":-44.23105239868164,"y":5.803906440734863,"z":100.61174774169922},"rotation":{"x":-0.07956427335739136,"y":-0.7551208138465881,"z":0.09382055699825287,"w":-0.6441521048545837},"size":5.640556335449219,"orthographic":false}